Compound Method,100 ppb PAH-Alk-pest-PBDE-Phthaltate-FA,,,Qualifier 1 Results,Qualifier 2 Results,LM-Shop,,,Qualifier 1 Results,Qualifier 2 Results,LM-Kitchen,,,Qualifier 1 Results,Qualifier 2 Results,LM-Kitchen-Dup,,,Qualifier 1 Results,Qualifier 2 Results,LM-Bedroom,,,Qualifier 1 Results,Qualifier 2 Results,LM-Bedroom,,,Qualifier 1 Results,Qualifier 2 Results,LM-Shop_10D,,,Qualifier 1 Results,Qualifier 2 Results,LM-Kitchen_10D,,,Qualifier 1 Results,Qualifier 2 Results,LM-Kitchen-Dup_10D,,,Qualifier 1 Results,Qualifier 2 Results,LM-Bedroom_10D,,,Qualifier 1 Results,Qualifier 2 Results
Name,RT,Area,Mass Accuracy,Area,Area,RT,Area,Mass Accuracy,Area,Area,RT,Area,Mass Accuracy,Area,Area,RT,Area,Mass Accuracy,Area,Area,RT,Area,Mass Accuracy,Area,Area,RT,Area,Mass Accuracy,Area,Area,RT,Area,Mass Accuracy,Area,Area,RT,Area,Mass Accuracy,Area,Area,RT,Area,Mass Accuracy,Area,Area,RT,Area,Mass Accuracy,Area,Area
Naphthalene,16.587,494176,,41191,,16.547,78150,,7100,,16.547,21919,,1962,,16.545,26358,,2118,,16.546,31151,,2678,,16.550,28331,,2859,,16.543,6417,,414,,16.554,3483,,181,,16.558,3431,,156,,16.559,4546,,190,
Hexanoic acid,9.924,19239,,36249,,9.894,16644,,,,9.915,650614,,1071051,,9.944,718742,,905169,,9.751,100720,,159777,,9.748,102720,,162263,,9.833,6885,,,,9.715,29284,,42241,,9.706,41133,,39698,,9.859,1209,,271,
Heptanoic acid,12.971,195,,323,,14.025,2186432,,17102,,12.762,160426,,257955,,12.780,189129,,212774,,12.693,36529,,61817,,12.693,37968,,62580,,13.890,86517,,124,,12.714,5784,,8069,,12.708,8931,,10010,,12.939,167,,200,
Octonoic acid,15.604,24285,,31811,,15.774,273839,,41700,,15.717,384686,,437868,,15.732,433679,,379809,,15.655,146703,,166285,,15.655,146331,,170294,,15.618,13920,,12237,,15.615,16625,,17138,,15.606,23802,,19684,,15.633,6698,,4280,
Dodecane (n-C12),16.183,17668,,46810,,16.160,482573,,1240175,,16.164,390117,,1041028,,16.159,452370,,1195847,,16.160,511507,,1321121,,16.164,512849,,1337527,,16.153,32543,,76687,,16.151,33537,,87423,,16.155,41268,,103950,,16.155,46892,,116564,
Naphthalene-D8,16.488,489376,,49917,,16.448,2560783,,245709,,16.445,2170718,,187211,,16.450,2522274,,218808,,16.451,2593251,,226097,,16.452,2627903,,227190,,16.452,158145,,17133,,16.449,149363,,16620,,16.453,178240,,20423,,16.447,186349,,19414,
Benzothiazole,17.861,414,,32,,17.841,132233,,40228,,17.842,43705,,13537,,17.836,48582,,15128,,17.844,35705,,11354,,17.848,30870,,10299,,17.858,8620,,2780,,17.848,3136,,1019,,17.853,4079,,934,,17.857,2416,,421,
Dichlorvos,18.112,129279,,55595,1226,18.017,427,,12,3,17.838,1132,,3,,17.836,1404,,,5,17.851,1069,,9,,17.844,811,,9,6,18.224,8,,5,,18.096,11,,19,17,18.283,9,,3,4,17.918,8,,,3
Nonanoic acid,18.420,127635,,114096,,18.594,740801,,667651,,18.546,974812,,918025,,18.568,1088509,,767894,,18.491,404548,,384256,,18.495,423250,,394578,,18.417,33430,,20652,,18.414,49704,,33218,,18.425,51037,,40182,,18.463,8383,,,
Tridecane (n-C13),18.989,5184,,5991,,18.987,133220,,130811,,18.987,88569,,99425,,18.982,104974,,131492,,18.990,117125,,155705,,18.990,119630,,145894,,18.976,7450,,9562,,18.974,8420,,9642,,18.978,10437,,11021,,18.978,12084,,12680,
2-Methylnaphthalene,19.928,321148,,348538,104973,19.929,48035,,51391,16711,19.926,9159,,10098,3934,19.931,10274,,11582,4430,19.932,18842,,19570,5932,19.929,19674,,20399,6010,19.946,3826,,4178,1447,19.929,1266,,1254,4396,19.933,1269,,1749,492,19.937,2229,,2303,360
1-Methylnaphthalene,20.324,318758,,359712,112888,20.325,25518,,27230,9508,20.319,7509,,8207,2225,20.327,8395,,9091,2643,20.328,14012,,15353,5320,20.332,14173,,15139,5019,20.339,2931,,3819,1497,20.326,1797,,2224,,20.330,1756,,1865,557,20.327,2084,,2609,444
Decanoic acid,21.097,24421,,21590,9091,21.162,355337,,284548,172384,21.152,260002,,219104,142503,21.158,289785,,181216,154928,21.128,242858,,204940,125881,21.132,241354,,210424,128912,21.088,8195,,5993,4381,21.088,11629,,5805,5725,21.082,10013,,7285,6787,21.113,4571,,2897,2583
"1,2-Benzenedicarboxylic acid",21.389,2361,,,,21.389,17595855,,15898468,,21.356,5535002,,4022838,,21.358,5823028,,4162515,,21.348,2533608,,1795037,,21.349,2491023,,1755649,,21.349,1275606,,938700,,21.349,367977,,274645,,21.347,412134,,298886,,21.357,217778,,159922,
Tetradecane (n-C14),21.724,32608,,61826,,21.735,1492099,,2980158,,21.732,1159507,,2395454,,21.734,1322119,,2714636,,21.731,1450867,,2907547,,21.735,1468735,,2962634,,21.718,98154,,187670,,21.722,99442,,199653,,21.723,116128,,233335,,21.720,132948,,266461,
Biphenyl,22.148,406778,,42622,,22.149,49530,,15848162,,22.152,15998,,,,22.147,18587,,,,22.145,24597,,1799565,,22.152,23110,,1755649,,22.148,3042,,940425,,22.156,1791,,274936,,22.153,2381,,301370,,22.154,3044,,159370,
"2,6-Methylnaphthalene",23.032,144515,,127279,,23.047,20511,,17423,,23.054,5114,,4256,,23.052,5631,,5146,,23.043,6937,,6010,,23.046,6492,,5753,,23.050,1420,,1434,,23.034,537,,123,,23.068,174,,150,,23.031,242,,495,
C2-Naphthalenes,23.032,144128,,129293,,23.047,20508,,17666,,23.054,5198,,4217,,23.052,5691,,5198,,23.043,7054,,6065,,23.046,6479,,5761,,23.050,895,,1553,,23.034,415,,263,,23.394,542,,,,23.414,426,,242,
Dimethyl phthalate (DMP),24.008,436929,,343,56853,24.012,4415452,,4111,483313,24.013,26694,,,2666,24.011,28393,,,2898,24.012,35222,,,4247,24.016,34073,,,3944,24.012,269339,,247,30023,24.013,2287,,13,,24.004,2410,,8,,24.021,3150,,9,125
Acenaphthylene,24.137,523185,,27207,,24.155,4657,,,,24.016,1958,,,,24.160,1436,,5434,,24.154,552,,7844,,24.144,630,,7431,,24.189,78,,,,24.145,167,,,,24.159,160,,,,24.150,42,,,
Pentadecane (n-C15),24.235,1540,,3808,,24.287,44102,,,,24.294,39753,,45438,,24.286,47433,,109407,,24.293,49364,,119999,,24.294,67125,,116609,,24.287,3082,,4726,,24.084,5762,,10987,,24.292,2494,,8293,,24.275,5594,,10345,
Acenaphthene,25.032,399869,,54092,,25.039,7368,,102415,,25.036,3073,,54934,,25.041,4285,,72906,,25.042,5091,,11568,,25.049,4994,,11839,,25.049,802,,6560,,25.030,218,,4394,,25.034,195,,3313,,25.065,123,,2693,
"Benzoic acid, 4-ethoxy-, ethyl ester (?)",25.882,846,,10,246,26.009,57464,,130,,26.199,20772,,126,,26.204,17584,,32,,26.164,10912,,414,190,26.164,10513,,23,,25.812,1697,,11,275,25.833,106,,8,,26.088,1030,,6,,25.871,70,,15,
Dodecanoic acid,26.079,28884,,15057,7629,26.188,1697506,,1176373,627196,26.199,2131065,,1550344,729025,26.210,2190757,,1190533,795218,26.157,1129375,,798578,428035,26.161,1124571,,774569,411305,26.083,50914,,25125,16027,26.087,83295,,44161,29463,26.088,93190,,53780,35594,26.085,32239,,18992,14313
C3-Naphthalenes,27.048,134998,,163079,,26.337,14733,,16193,,26.341,3227,,4153,,26.343,5139,,5385,,26.347,6904,,6932,,26.344,6971,,8490,,26.337,1113,,1022,,26.344,540,,314,,26.339,450,,458,,26.353,664,,751,
Hexadecane (n-C16),26.723,40876,,74836,,26.734,1221856,,2331016,,26.731,970451,,1776688,,26.732,1121447,,2113578,,26.733,1239807,,2360853,,26.734,1253640,,2371024,,26.720,82685,,152493,,26.721,78832,,144943,,26.721,99383,,177793,,26.722,114199,,206410,
"2,3,5-Trimethylnaphthalene",27.048,136924,,160068,,27.056,7085,,8301,,27.042,1832,,2992,,27.044,2525,,2448,,27.055,3407,,2943,,27.045,3385,,3715,,27.049,556,,506,,27.039,117,,52,,27.071,57,,170,,27.054,376,,,
Diethyl Phthalate (DEP-D4),27.258,528940,,45724,,26.717,31169,,1682,,26.734,188384,,298,,26.746,201977,,385,,27.648,1020,,513,,26.673,18764,,165,,27.191,23,,25,,27.466,256,,53,,26.955,169,,15,,27.301,23,,21,
Diethyl phthalate (DEP),27.295,532601,,42163,,27.310,3006768,,262418,,27.307,195234,,18633,,27.305,211670,,20633,,27.303,163554,,15449,,27.310,163135,,15571,,27.306,193959,,18213,,27.300,19303,,1230,,27.304,22210,,2082,,27.301,17808,,1626,
Fluorene,27.675,361627,,386772,,27.683,30000,,30513,,27.680,4204,,5348,,27.681,6662,,7935,,27.686,6055,,6993,,27.683,5593,,5901,,27.676,2253,,2640,,27.710,169,,,,27.684,892,,898,,27.668,550,,175,
Benzophenone,28.509,676,,214,,28.503,68960,,22469,,28.503,144220,,67164,,28.505,164117,,78683,,28.499,54213,,31296,,28.506,53315,,30259,,28.496,2887,,1731,,28.500,12370,,6648,,28.501,15332,,7798,,28.515,5153,,2574,
C4-Naphthalenes,31.637,22479,,3600,,29.025,9828,,16579,,29.049,2731,,6349,,29.040,2789,,8763,,29.048,3792,,20140,,29.045,3768,,20878,,29.038,600,,,,29.042,142,,,,29.043,241,,,,29.037,82,,1572,
Heptadecane (n-C17),29.041,3954,,4981,,29.045,249538,,441440,,29.049,73824,,92706,,29.047,103051,,291823,,29.041,154559,,523025,,29.041,243875,,461935,,29.038,9446,,22555,,29.045,9751,,20597,,29.043,16201,,20767,,29.040,16220,,33428,
4-Bromodiphenyl ether (BDE 3),29.912,112065,,117788,,29.923,1118,,85,,30.015,39,,,,29.908,240,,25,,29.824,26,,,,29.909,408,,17,,29.831,10,,,,29.879,40,,,,29.873,10,,8,,29.843,15,,,
Diacetamate,30.203,1350,,66,,30.197,10273,,427,,30.204,11853,,299,,30.213,11967,,2774,,30.200,6349,,465,,30.211,6194,,169,,29.892,160,,74,,30.679,10886,,676,,30.459,750,,109,,30.219,547,,24,
Tetradecanoic acid,30.640,17737,,14744,11046,30.787,5673024,,3627637,2947959,30.882,15082066,,9868986,8074488,30.891,15876586,,7885355,8442145,30.770,4897863,,3179672,2521114,30.770,4891780,,3127141,2479900,30.648,146476,,69245,78306,30.676,824374,,372963,412282,30.683,919614,,450158,478378,30.653,177199,,84723,88822
Octadecane (n-C18),31.230,49558,,94942,,31.305,75721,,,,31.245,517582,,983225,,31.243,627026,,1138508,,31.244,946185,,1709006,,31.244,938097,,1671413,,31.234,53029,,99488,,31.238,43481,,82436,,31.239,57577,,99216,,31.236,85305,,138414,
Tri(2-chloroethyl) phosphate (TCEP),31.579,1087,,1384,,31.607,18152,,23922,,31.611,17669,,22641,,31.619,18845,,23801,,31.596,7963,,10405,,31.603,8109,,10791,,31.576,1233,,1571,,31.591,1728,,2033,,31.585,1582,,2321,,31.602,743,,1136,
"2-Propanol, 1-chloro-, phosphate (3:1)",32.033,2861,,24,,32.065,3961832,,152476,,32.065,398416,,15951,,32.073,427292,,17407,,32.054,73054,,3192,,32.051,72674,,3042,,32.034,261405,,10316,,32.041,33016,,1405,,32.035,38592,,1736,,32.032,7462,,175,
Phenanthrene,32.335,285574,,38174,,32.336,445923,,57152,,32.339,56988,,4120,,32.341,66583,,10430,,32.342,45424,,6959,,32.335,45652,,6975,,32.336,26301,,4119,,32.339,5620,,862,,32.334,6782,,696,,32.337,5517,,857,
Anthracene,32.650,577109,,62836,,32.651,29486,,,,32.644,3906,,25911,,32.649,4354,,25037,,33.027,2716,,1268,,32.651,3110,,7263,,32.664,2093,,,,32.339,5617,,913,,32.906,481,,121,,32.337,5499,,888,
Pentadecanoic acid,32.962,24429,,2215,13678,32.861,2352328,,1381925,1002180,32.885,3527062,,2229489,1513475,32.897,3679326,,1609276,1565559,32.854,2401698,,1502012,1038164,32.854,2404365,,1478531,1027593,32.779,44934,,22114,21477,32.780,141962,,69916,58025,32.784,157871,,84376,65256,32.775,68580,,35538,33820
Diisobutyl phthalate,33.135,798912,,5217,,33.149,10377528,,67075,,33.149,4893202,,29814,,33.148,5346315,,32910,,33.145,5026948,,30122,,33.145,4986363,,29421,,33.132,749996,,5024,,33.132,428930,,3174,,33.137,483508,,3383,,33.130,475239,,3340,
Nonadecane  (n-C19),33.328,4342,,8390,,33.332,501014,,750956,,33.329,404208,,717131,,33.331,472304,,807998,,33.335,618753,,1150212,,33.335,655236,,1143782,,33.322,31964,,54618,,33.326,28782,,49174,,33.320,36787,,57981,,33.317,52530,,84086,
Dinonacyl amine (?),33.341,81,,,,33.745,1305404,,6080,,33.878,236694,,2913,,33.327,52457,,715,,33.606,4091114,,62533,,33.606,3791702,,51392,,33.945,151765,,1552,,34.092,104459,,203,,34.096,120058,,263,,33.845,343413,,3354,
Aspirin,33.890,22,,,,33.884,51716,,22678,,33.885,909869,,352725,,33.886,968382,,375789,,33.884,1166633,,451936,,33.884,1162905,,445828,,33.874,3953,,1663,,33.871,76793,,30762,,33.872,82288,,33957,,33.866,102600,,42578,
Caffeine,34.226,3038,,12106,,34.474,1110958,,14557,,34.183,99680,,13296,,34.185,98978,,72408,,34.175,12699,,,,34.179,12219,,,,34.176,5157,,1177,,34.163,7437,,5649,,34.177,9693,,7628,,34.212,1797,,6534,
n-Hexadecanoic acid,34.816,55254,,32930,22475,35.230,81358056,,51718304,39163325,35.328,119867277,,74529655,57360570,35.381,285435,,68315928,67453403,35.114,39826779,,25258342,19097887,35.114,39695393,,25250584,18753122,34.898,3979404,,1822902,1797737,34.973,13569395,,6306792,6389162,34.980,14886330,,6877923,7141135,34.872,2542170,,1144274,1146194
C1-Phenanthrenes,35.436,243045,,33844,,34.979,151276,,,,34.973,29917,,,,34.971,33991,,,,34.979,18204,,,,34.972,17843,,,,34.969,11624,,,,34.973,5266,,6523,,34.980,6381,,4613,,34.977,2108,,,
"2,4-Dibromodiphenyl ether (BDE 7)",35.134,73632,,37401,,35.179,2085,,2275,,35.386,7773,,700,,35.388,177,,1314,,35.104,398,,972,,35.091,669,,1532,,35.165,52,,31,,34.959,521,,332,,34.963,533,,193,,34.876,119,,95,
Dibutyl phthalate,35.131,948530,,8459,,35.165,67245424,,744600,,35.152,16815882,,146798,,35.154,17830754,,157094,,35.151,14508069,,119314,,35.148,14352034,,120880,,35.138,6329876,,52357,,35.139,1667059,,13322,,35.140,1855296,,15094,,35.133,1539407,,12862,
Eicosane (n-C20),35.337,54943,,100792,,35.226,10898243,,21457665,,35.403,282425,,66585,,35.374,517200,,285130,,35.351,624450,,1121498,,35.352,631407,,1143704,,35.335,22952,,,,34.973,1721061,,3253499,,34.977,1883511,,3551204,,35.337,59318,,94188,
1-Methylphenanthrene,35.436,242982,,37527,,35.447,60866,,9100,,35.444,17063,,25102,,35.449,18741,,19143,,35.453,10937,,2061,,35.436,10447,,4269,,35.447,6530,,135,,35.430,1691,,,,35.448,1603,,1234,,35.438,1721,,129,
Chlorpyrifos,35.863,89209,,68185,,35.176,3219,,1376,,35.891,474,,432,,35.886,800,,477,,35.890,80,,,,35.877,293,,183,,35.148,32,,10,,34.952,504,,964,,34.963,332,,315,,35.862,15,,15,
bis(2-Methoxyethyl)phthalate,36.093,58503,,49472,,35.613,1548201,,,,35.721,1507303,,,,35.730,1725347,,,,35.670,120196,,,,35.660,116959,,,,36.656,7522,,,,36.244,6365,,,,36.241,7016,,,,36.655,13206,,,
"4,4'-Dibromodiphenyl ether (BDE 15)",36.825,142439,,37024,,37.761,1284,,1952,,36.925,101,,,,37.770,3433,,5902,,37.768,2123,,3307,,36.833,97,,,,36.389,3,,,,36.830,12,,,,37.769,456,,589,,37.760,209,,351,
bis(4-Methyl-2-pentyl)phthalate,37.069,224446,,27191,,37.009,10249,,1198,,37.196,53220,,183,,37.204,59013,,1236,,37.192,16738,,1348,,37.195,16237,,63,,37.446,2083,,29,,37.186,5338,,36,,37.176,6077,,127,,37.153,824,,5,
Heneicosane,37.384,3032,,4289,,37.263,233339,,450225,,37.267,193851,,347768,,37.265,264136,,489032,,37.276,808985,,1497712,,37.270,782874,,1463519,,37.253,12654,,25682,,37.250,19020,,29924,,37.251,21961,,30793,,37.255,53224,,104452,
1-Hexadecanol,36.690,4761,,9740,,37.267,80944,,134091,,37.324,709495,,882496,,37.309,739751,,830452,,37.283,2903364,,3683165,,37.283,2958580,,3658425,,37.249,6358,,,,37.253,9296,,6599,,37.251,6990,,7104,,37.258,17975,,23370,
Didecyl amine (?),37.652,1354,,11,,37.534,6753337,,103218,,37.616,1475903,,12246,,37.611,1508461,,20829,,37.558,850128,,7316,,37.561,493556,,6864,,37.680,430490,,7382,,37.779,206400,,2671,,37.766,212420,,877,,37.672,117241,,1998,
C2-Phenanthrenes,38.499,2853,,,,37.599,128317,,84245,,37.602,34727,,21183,,37.611,36302,,24477,,37.602,20717,,12716,,37.598,20720,,13574,,37.592,8918,,3675,,37.596,4047,,1100,,37.590,2287,,2150,,37.600,2297,,637,
bis(2-Ethoxyethyl)phthalate,38.187,85936,,41756,,38.151,128257,,,,38.236,21635,,,,38.234,47096,,,,38.215,17248,,,,38.219,12362,,225810,,38.137,10475,,,,38.250,1725,,,,38.257,3810,,,,38.156,186,,,
Fluoranthene,38.272,390184,,28440,,38.280,309369,,21889,,38.287,46428,,19773,,38.285,51536,,21075,,38.286,19874,,9649,,38.276,19981,,5733,,38.280,20735,,2003,,38.273,4228,,597,,38.281,4282,,633,,38.271,2247,,2897,
"9,17-Octadecadienal, (Z)-",38.140,37336,,846,,38.297,611944,,126897,,38.338,1944573,,301604,,38.343,1206341,,367141,,38.361,2315593,,644245,,38.358,1701716,,643291,,38.185,16290,,1358,,38.257,30370,,5945,,38.722,487621,,1647,,38.251,83246,,17923,
Octadecanoic acid,38.652,31475,,16077,13224,38.890,31151311,,19257597,17705003,38.924,33373689,,,,38.997,58927060,,27705901,34540872,38.866,20344771,,12394434,11512192,38.866,20554752,,12745538,11437532,38.680,917248,,389698,496995,38.721,3633070,,1643214,2025176,38.722,4206798,,1842075,2304097,38.681,992617,,441831,534028
Dipentyl phthalate (DPP),38.747,946721,,10297,4996,38.697,94599,,344,1141,38.870,90926,,7458,9333,38.858,124272,,2722,8005,38.839,38614,,1733,412,38.852,45495,,565,1407,38.564,2794,,55,318,38.921,5317,,45,,38.786,942,,,,38.909,2635,,,14
Docosane (n-C22),39.089,65300,,110550,,39.110,447977,,786558,,39.114,483059,,920163,,39.115,723000,,1297172,,39.110,926036,,1589062,,39.113,750600,,1720623,,39.090,26656,,43836,,39.097,48432,,80287,,39.091,53947,,92140,,39.092,74517,,131841,
Pyrene,39.326,406785,,37862,,39.330,314572,,26180,,39.337,45707,,,,39.336,50955,,257268,,39.340,23224,,3774,,39.340,22111,,4817,,39.327,21331,,2652,,39.334,5128,,10558,,39.328,5033,,11645,,39.339,3135,,208,
"Phenol, 4,4'-(1-methylethylidene)bis-",39.855,6812,,,55,39.679,9794681,,1681380,547097,39.680,1675827,,280245,86562,39.678,814582,,305787,89519,39.730,658085,,110155,32245,39.730,555024,,76554,27253,39.669,492187,,86089,26456,39.683,80644,,13204,4811,39.681,88650,,14061,3801,39.688,35114,,4888,1662
"p,p'-DDE",39.879,256279,,125210,,39.883,1978,,928,,39.893,6302,,3430,,39.905,6824,,3455,,39.889,1669,,776,,39.889,1943,,863,,39.917,14,,11,,39.890,574,,297,,39.860,559,,371,,39.895,148,,42,
d14-Terphenyl (IS),40.190,1151295,,80211,,40.198,3857745,,246573,,40.202,2830427,,183032,,40.205,3468564,,224414,,40.198,3687697,,230448,,40.201,3678252,,232590,,40.188,238274,,18261,,40.198,220252,,16989,,40.192,281321,,22388,,40.190,309062,,24448,
"2,2',4-Tribromodiphenyl ether (BDE 17)",40.594,139241,,138863,72399,40.211,707,,3723,11,40.198,669,,3378,17,40.207,797,,4145,19,40.943,56,,,48,40.598,45,,,13,40.632,16,,,2,40.602,13,,16,6,40.924,6,,,7,40.610,6,,,7
Tricosane (n-C23),40.851,1367,,2465,4852,40.869,565854,,951796,1636065,40.869,765793,,1403444,2341815,40.874,798512,,1453658,2543083,40.875,911714,,1217218,1672573,40.876,824413,,1321095,1975591,40.950,16797,,21942,32974,40.849,64020,,105299,175502,40.853,78912,,115760,197760,40.942,41921,,43113,69856
C3-Phenanthrenes,40.194,522,,,,40.950,4460,,,,40.954,2756,,,,41.210,2408,,,,40.953,1361,,,,41.397,2981,,,,41.384,1166,,,,41.374,1011,,,,40.965,151,,,,41.379,361,,,
"2,4,4'-Tribromodiphenyl ether (BDE 28)",41.482,118133,,123068,,41.858,1057,,2426,,41.486,347,,166,,41.491,126,,186,,41.492,93,,82,,41.404,31,,88,,41.516,6,,,,41.483,33,,6,,41.280,8,,9,,41.494,6,,,
DDD,41.888,290986,,179430,,41.886,6920,,4717,,41.896,83380,,53417,,41.901,102105,,66559,,41.906,2175,,1625,,41.892,1903,,1522,,41.882,1104,,546,,41.883,13290,,8522,,41.890,14522,,9659,,41.915,106,,23,
Dihexyl phthalate (DHP),42.115,1016705,,11540,,42.513,34396193,,7689,,42.137,325782,,6531,,42.138,336463,,4767,,42.133,260615,,2456,,42.129,261945,,2661,,42.475,2901834,,1450,,42.113,28589,,,,42.121,31058,,123,,42.108,25081,,110,
Benzyl butyl phthalate (BBP),42.478,401705,,158581,17759,42.513,34414746,,11220646,1675895,42.499,3561332,,1475806,134761,42.501,3731146,,1533587,139882,42.492,757747,,306866,29356,42.495,844979,,755022,29825,42.475,2901897,,1102807,111594,42.476,299924,,302163,12817,42.477,335096,,181203,14452,42.477,79559,,79328,3631
Tetracosane (n-C24),42.552,76865,,125727,,42.584,566576,,1686314,,42.581,987294,,2054103,,42.582,1060243,,2104821,,42.587,974283,,2229563,,42.584,950050,,2107982,,42.546,66117,,170612,,42.547,99322,,229545,,42.544,116306,,267653,,42.535,114317,,279441,
Bis(2-ethylhexyl) adipate,42.746,1032,,608,,42.797,2154434,,2330332,,42.798,910099,,972564,,42.803,945960,,1015737,,42.790,205160,,225499,,42.794,205878,,225394,,42.763,145951,,156475,,42.757,77682,,82191,,42.761,84751,,92042,,42.765,20899,,22816,
"p,p'-DDT",42.996,225730,,141875,,43.021,8838,,6208,,43.018,147757,,92187,,43.016,144223,,91411,,43.017,1218,,713,,43.017,1302,,743,,42.980,374,,192,,42.991,8409,,5263,,42.998,9281,,6368,,42.891,50,,,
Triphenyl phosphate,43.298,578,,246,,43.343,100411,,26123,,43.347,1482,,739,,43.348,1002,,2871,,43.522,103,,,,43.292,3455,,3534,,43.305,3292,,944,,43.564,71,,,,43.293,52,,117,,43.273,12,,,
Pentacosane (n-C25),44.162,8335,,13818,,44.204,830557,,1736103,,44.197,820579,,1368409,,44.195,818834,,1527442,,44.200,973286,,1619150,,44.197,730406,,1598207,,44.180,69658,,97238,,44.174,60921,,99309,,44.178,72557,,118106,,44.172,69619,,137578,
bis(2-n-Butoxyethyl)phthalate,44.308,144101,,39292,,44.179,27654675,,44558,,45.187,36318912,,131859,,45.188,37236988,,140790,,45.172,16446868,,4600,,45.173,16512493,,3817,,44.149,2326072,,1851,,45.153,3887346,,11046,,45.154,4225869,,13032,,45.148,1763122,,212,
"2,3',4',6-Tetrabromodiphenyl ether (BDE 71)",45.020,176397,,67739,43928,45.756,56305,,14038,14746,45.207,327,,315,276,45.182,310,,351,318,45.528,235,,178,128,45.817,2252,,1677,1014,45.579,2022,,953,955,45.017,15,,6,9,45.056,8,,8,,45.791,282,,49,89
"2,3',4,5-Tetrabromodiphenyl ether (BDE 49)",45.077,178477,,68600,44169,45.756,56240,,14038,14746,45.207,325,,312,277,45.182,299,,341,320,45.528,230,,180,128,45.817,2251,,1729,577,45.579,2022,,951,951,45.017,14,,6,9,45.144,15,,,,45.791,285,,49,89
Dicyclohexyl phthalate,45.145,2028203,,192956,2934,45.230,156439102,,20863415,37849,45.187,36418133,,3925981,6279,45.188,37326851,,4000194,7725,45.172,16402234,,1520238,2856,45.173,16301768,,1497627,2681,45.163,14802427,,1457033,2103,45.153,3902902,,342611,811,45.154,4230612,,373169,790,45.148,1763777,,144113,220
Bis(2-Ethylhexyl)phthalate (DEHP),45.145,2028222,,192953,9216,45.230,156439102,,20892801,1731247,45.187,36418133,,3925873,333835,45.188,37332312,,4000194,342130,45.172,16402234,,1520082,120901,45.173,16301768,,1498840,121645,45.163,14802427,,1456987,121219,45.153,3902902,,342611,28672,45.154,4230612,,371858,31780,45.148,1763777,,144083,12411
Bis(2-ethylhexyl)phthalate (DEHP-D4),45.121,401852,,4569653,,45.746,3677312,,3846595,,45.563,2132,,4878,,44.914,2417,,385,,44.491,6243,,2561,,45.569,21114,,23760,,45.579,286509,,318312,,44.973,219,,54,,45.239,198,,379,,45.551,2353,,3183,
Benz[a]anthracene,45.348,330887,,23885,,45.746,2659994,,484508,,45.268,7608,,10002,,45.256,6327,,9425,,45.264,7384,,10285,,45.257,7126,,11081,,45.573,198140,,41256,,45.461,386,,85,,45.459,473,,,,45.259,783,,832,
Chrysene,45.545,309431,,18940,,45.746,2659994,,484508,,45.563,31158,,2884,,45.558,29228,,,,45.572,18836,,3576,,45.569,19694,,3128,,45.573,198155,,40835,,45.536,2152,,734,,45.550,2455,,98,,45.554,2406,,205,
Dronabinol,45.623,102,,,,45.702,247072946,,226704547,,45.576,393712,,310192,,45.582,122728,,100450,,45.569,2486246,,1967441,,45.573,2461353,,1962576,,45.576,25929029,,21454958,,45.553,43342,,33444,,45.560,14641,,11296,,45.554,196798,,154658,
Hexacosane (n-C26),45.850,5707,,23596,,45.790,691141,,885367,,45.766,726056,,1218274,,45.768,904228,,1342442,,45.769,745941,,1541899,,45.766,1025377,,1530981,,45.749,59921,,79812,,45.749,59236,,95558,,45.747,70369,,106003,,45.751,82209,,126685,
"2,2',4,4'-Tetrabromodiphenyl ether (BDE 47)",45.806,135628,,102921,67602,45.837,4115,,2214,1614,45.824,2370,,1542,1066,45.812,2147,,1611,1246,45.823,1705,,1985,1146,45.817,2248,,1729,1021,45.796,117,,214,74,45.831,29,,65,4,45.821,63,,9,24,45.791,283,,48,88
"2,3',4,4'-Tetrabromodiphenyl ether (BDE 66)",46.433,153192,,66062,42525,46.644,4010,,1872,1482,46.478,141,,87,,46.598,426,,194,185,46.081,91,,227,,45.817,2064,,1692,1005,46.576,150,,,79,46.471,11,,,4,46.445,21,,,5,45.791,279,,46,86
Cannabinol,46.568,2716,,429,,46.640,140331530,,22838174,,46.590,32388012,,4462220,,46.595,23930406,,3623649,,46.596,11365073,,1416037,,46.596,11410731,,1416299,,46.569,11029517,,1459955,,46.566,2659732,,318596,,46.567,2254646,,260711,,46.567,818434,,98153,
"2,3',4,4'-Tetrabromodiphenyl ether (BDE 77)",47.460,131839,,25701,,47.233,136,,2410,,47.339,13,,,,47.537,17,,,,47.582,168,,37,,47.386,146,,329,,47.318,7,,17,,47.356,5,,4,,47.370,9,,9,,47.506,16,,,
Heptacosane (n-C27),47.253,8740,,8348,,47.298,1237650,,1993427,,47.281,842592,,1340480,,47.279,926237,,1525586,,47.284,1350192,,1583220,,47.284,1328054,,2220080,,47.260,86582,,138598,,47.264,68946,,114369,,47.262,80909,,131746,,47.381,58573,,178593,
Di-n-octyl phthalate,48.212,1100618,,12759,3185,48.287,90650019,,36603,612995,48.250,1773727,,8710,,48.245,1853706,,9968,,48.155,34658535,,,1942748,48.152,34553556,,,1722177,48.240,9387883,,3684,40580,48.227,141662,,903,,48.228,159320,,881,,48.231,800819,,,20475
Octacosane (n-C28),48.730,83200,,137780,,48.758,1399917,,2597580,,48.745,770591,,1196127,,48.747,1044203,,1608384,,48.863,1431834,,4295182,,48.860,2611745,,2295621,,48.721,78754,,123763,,48.725,67710,,113549,,48.726,82765,,120234,,48.801,313357,,209595,
"2,2',4,4',6-Pentabromodiphenyl ether (BDE 100)",48.819,100002,,76324,81104,48.857,278,,258,218,48.813,59,,,35,48.811,105,,61,74,48.853,412,,88,677,48.711,69,,93,171,48.823,22,,14,19,48.982,14,,22,28,48.824,8,,13,,48.865,39,,23,7
Squalene,49.039,7940556,,1528841,4611316,49.013,529377,,196996,251180,49.009,551498,,158740,330383,49.004,481107,,135195,323181,49.032,5539780,,1614231,1733792,49.033,5412942,,1543619,1757241,48.972,156911,,32962,105229,48.979,167451,,39557,131332,48.973,190350,,41066,132172,48.984,609870,,181328,272609
"2,3',4,4',6-Pentabromodiphenyl ether (BDE 119)",49.151,132622,,48365,51952,48.857,259,,256,217,48.813,60,,,32,48.869,58,,32,53,48.978,520,,265,599,49.236,80,,162,,49.334,13,,10,,49.135,3,,,10,49.126,6,,,,49.390,18,,28,20
"2,2',4,4',5-Pentabromodiphenyl ether (BDE 99)",49.764,120173,,57329,59557,49.795,2213,,999,824,49.796,702,,184,425,49.791,671,,281,272,49.839,305,,224,671,49.826,1223,,281,491,49.799,4,,11,108,49.769,40,,29,28,49.756,17,,,22,49.787,36,,18,54
Nonacosane (n-C29),50.137,4222,,6639,,50.178,3498484,,5755252,,50.158,1863878,,2963640,,50.160,1972746,,3297708,,50.174,876792,,1548710,,50.171,629154,,1444599,,50.138,256212,,417270,,50.135,149574,,235042,,50.136,177567,,272116,,50.129,78320,,133109,
Benzo(b)fluoranthene,50.388,381050,,33155,,50.419,49279,,6126,,50.406,26256,,8173,,50.404,20879,,1816,,50.452,3305,,3313,,50.446,4284,,1501,,50.402,3886,,167,,50.463,203,,42,,50.454,402,,115,,50.397,151,,69,
Benzo(k)fluoranthenene,50.482,381861,,37869,,50.521,7158,,15660,,50.406,26286,,8065,,50.502,2165,,7758,,50.452,3507,,1647,,50.446,3773,,1551,,50.500,1185,,299,,50.396,1931,,42,,50.488,209,,54,,50.397,152,,68,
Dinonyl phthalate,50.994,1035020,,14078,,51.029,54448823,,866831,,51.019,2856263,,8999,,51.021,2873362,,6905,,51.029,4385159,,,,51.025,2598919,,26286,,50.998,4904854,,49767,,51.006,237066,,400,,51.003,251629,,677,,50.827,457877,,13349,
Benzo(e)pyrene,51.526,418640,,30874,,51.561,41678,,4183,,51.554,13271,,2273,,51.543,13722,,1620,,51.594,2070,,,,51.585,2262,,,,51.534,2642,,203,,51.528,985,,25,,51.545,970,,193,,51.556,68,,47,
Triacontane (n-C30),51.509,82228,,135444,,51.547,1316933,,1470858,,51.527,885783,,1278708,,51.532,939576,,1389464,,51.533,614885,,1098410,,51.530,579634,,1179319,,51.510,83961,,132742,,51.514,75553,,128588,,51.511,93144,,150559,,51.509,63154,,114369,
"2,2',4,4',6,6'-Hexabromodiphenyl ether (BDE 155)",51.408,98186,,77124,57404,51.032,457,,465,474,51.449,7,,12,,51.543,60,,29,78,51.415,118,,,11,51.073,11,,,9,51.456,7,,9,,51.338,2,,4,7,51.356,25,,,6,51.485,9,,11,9
"2,2',3,4,4'-Pentabromodiphenyl ether (BDE 85)",51.567,113309,,51001,52579,51.575,56,,16,,51.561,17,,,14,51.529,7,,,277,51.151,351,,38,34,51.517,39,,46,11,51.618,6,,7,,51.626,15,,23,4,51.566,4,,,,51.515,8,,,
Piperine,52.001,1909,,18,,51.751,3237,,,,51.761,197104,,42418,,51.766,215190,,6252,,51.784,27962,,,,51.778,26625,,,,51.988,452,,81,,51.741,16560,,3982,,51.752,19540,,1818,,51.773,1882,,174,
Benzo[a]pyrene,51.780,329346,,32133,,51.815,14530,,1148,,52.012,3578,,6507,,52.024,4324,,7486,,51.594,2167,,,,51.818,1173,,,,51.785,1114,,190,,51.528,1017,,25,,51.867,115,,,,52.017,125,,216,
"2,2',4,4',5,6'-Hexabromodiphenyl ether (BDE 154)",51.950,124162,,56521,42141,51.978,110,,59,,51.951,4,,,27,52.122,21,,,44,51.981,24,,24,27,51.967,15,,9,,52.056,6,,7,5,51.934,14,,17,7,51.993,13,,16,26,51.875,5,,9,
Perylene,52.123,375413,,35935,,52.147,2878,,,,52.012,3671,,6604,,52.024,4575,,7645,,52.052,5126,,7358,,52.059,4557,,3612,,52.137,412,,463,,51.528,966,,92,,51.986,367,,181,,52.207,36,,32,
beta-Tocopherol,51.980,523,,6,,52.842,20362,,3712,,52.890,42065,,6313,,52.874,40905,,7350,,52.855,18900,,606,,52.862,8724,,3564,,52.913,462,,184,,52.900,590,,58,,52.874,843,,71,,52.817,605,,77,
Hentriacontane (n-C31),52.851,407,,2282,,52.872,2209550,,3205828,,52.852,1303631,,2154800,,52.861,1237831,,2000666,,52.859,875873,,1356782,,52.859,909276,,1441735,,52.838,159183,,244271,,52.832,113829,,180076,,52.836,118415,,187966,,52.837,84663,,150877,
Methyl Dipentadecyl amine (?),53.014,142,,23,,53.039,586422,,35660,,53.022,128259,,9377,,53.034,120897,,8242,,53.035,72924,,8908,,53.035,73967,,8714,,52.998,24463,,1934,,52.998,6172,,493,,53.009,5756,,376,,53.003,4690,,397,
"2,2',4,4',5,5'-Hexabromodiphenyl ether (BDE 153)",53.329,118280,,40188,29800,53.364,353,,213,204,53.340,66,,19,,53.349,87,,12,31,53.465,48,,,,53.354,72,,55,54,53.343,29,,9,14,53.347,11,,8,6,53.308,6,,10,12,53.427,12,,5,
Dotriacontane (n-C32),54.122,81432,,130941,,54.157,671180,,972071,,54.137,515811,,909440,,54.145,721296,,1020593,,54.143,628405,,948056,,54.143,553316,,991988,,54.123,48407,,82336,,54.113,52596,,64823,,54.117,46028,,74802,,54.115,44956,,85184,
Dihexdecyl amine (?),54.309,30,,15,,54.303,72983,,6537,,54.296,28211,,2989,,54.298,26188,,2664,,54.295,58627,,9339,,54.299,57445,,9751,,54.265,3648,,212,,54.293,1860,,83,,54.331,102,,20,,54.260,4893,,162,
Vitamin E (or tocopherol isomer),54.258,373,,36,,54.296,38866,,6808,,54.293,130846,,39297,,54.291,135921,,33904,,54.289,309883,,403779,,54.289,309341,,383683,,54.269,3174,,629,,54.273,12152,,2896,,54.280,12612,,3428,,54.277,27437,,33086,
Cholesterol,54.322,20,,,,54.360,185226,,330534,,54.323,448105,,693361,,54.315,467315,,723357,,54.326,5130433,,7691518,,54.326,5096980,,7697854,,54.411,7128,,43706,,54.398,50513,,117066,,54.402,58826,,110790,,54.393,203547,,537541,
Lathosterol,55.163,139,,,,55.255,9060,,11843,,55.201,25054,,,,55.203,47117,,,,55.180,380919,,282809,,55.187,380159,,282748,,54.404,34839,,26208,,55.615,4520,,,,55.114,4061,,3466,,55.321,25837,,,
"2,2',3,4,4',5-Hexabromodiphenyl ether (BDE 138)",55.156,96139,,38450,29959,55.031,17,,32,28,55.160,19,,29,,55.237,17,,,7,54.333,1295,,1310,1280,54.330,1304,,1364,1244,55.140,42,,21,16,55.225,8,,,6,55.171,11,,,,54.867,24,,7,3
Tritriacontane (n-C33),55.898,580,,,,55.404,1133402,,1366268,,55.398,614261,,1106256,,55.396,664272,,1155115,,55.397,736120,,1135947,,55.404,602898,,1032790,,55.373,60386,,107081,,55.367,52950,,83948,,55.378,68960,,94766,,55.372,55214,,90782,
Methyl dihexdecyl amine (?),55.708,31,,3,,55.573,1382180,,267392,,55.564,316047,,71677,,55.562,301556,,68400,,55.566,84665,,19876,,55.563,79035,,18578,,55.529,58696,,12634,,55.537,16629,,4064,,55.544,17005,,4196,,55.535,6018,,1391,
"Cholesta-3,5-dien-7-one",55.712,22,,,,55.672,103697,,37307,,55.658,1276434,,480084,,55.664,1329176,,502519,,55.661,307785,,128299,,55.658,281083,,115914,,55.638,6952,,2269,,55.635,70756,,22708,,55.639,74743,,23224,,55.640,23504,,9098,
"Indeno(1,2,3-cd)pyrene",56.206,439634,,83528,,56.228,32686,,3547,,56.221,6595,,615,,56.226,6014,,276,,56.298,3208,,1693,,56.221,1327,,,,56.214,1953,,185,,56.221,63,,,,56.236,232,,,,56.300,58,,70,
Cholest-4-en-3-one,56.742,2630,,1144,,56.112,20865,,17348,,56.313,9050,,26425,,56.311,12437,,21783,,56.319,37129,,43342,,56.322,20145,,45347,,56.617,2200,,2770,,56.269,1486,,1844,,56.283,807,,2682,,56.260,532,,6314,
Tetratriacontane (n-C34),56.755,74751,,111241,,56.790,476391,,1006164,,56.773,418645,,657129,,56.789,496836,,742221,,56.790,636326,,972367,,56.790,611379,,972982,,56.763,32184,,42587,,56.760,25356,,43749,,56.757,30875,,53099,,56.751,57010,,87184,
beta-Sitosterol,56.952,31,,17,,57.037,88836,,100003,,56.980,73050,,98053,,56.965,75057,,95119,,56.962,154117,,182173,,56.973,149526,,200288,,56.912,173,,166,,57.075,2529,,6481,,57.086,3959,,429,,57.138,9213,,2214,
"2,2',3,4,4',5',6-Heptabromodiphenyl ether (BDE 183)",56.932,62228,,60090,28957,56.319,1022,,851,1084,56.960,66,,51,36,57.182,80,,99,,56.471,92,,54,,56.305,1187,,1031,988,56.902,12,,6,18,56.936,8,,26,,56.957,25,,6,,56.975,17,,,4
Diheptadecyl amine (?),56.949,709,,20,,56.970,275520,,30525,,56.953,85788,,9174,,56.958,81054,,8686,,56.952,13662,,3453,,56.946,12204,,3416,,56.919,13828,,1822,,56.926,5255,,269,,56.917,4602,,222,,56.931,935,,43,
"Benzo[g,h,i]perylene",57.294,384582,,57069,,57.315,63181,,10197,,57.285,1898,,1593,,57.311,6066,,298,,57.308,14514,,555,,57.319,12218,,1063,,57.308,3310,,390,,57.299,38,,213,,57.317,427,,80,,57.283,1251,,25,
Pentatriacontane (n-C35),58.223,488,,,,58.424,335027,,607880,,58.407,280164,,451193,,58.398,321385,,498402,,58.403,530848,,1451742,,58.406,623556,,1427465,,58.366,27702,,42998,,58.377,25329,,58733,,58.388,21236,,43395,,58.378,47628,,130246,
Methyl diheptadecyl amine (?),58.568,3117,,172,,58.613,13443673,,960975,,58.593,4236117,,279215,,58.598,3938194,,260486,,58.593,751416,,48393,,58.596,706474,,45714,,58.566,579558,,38673,,58.563,195099,,13740,,58.564,187695,,13356,,58.568,45056,,3736,
"2,2',3,4,4',5,6-Heptabromodiphenyl ether (BDE 181)",59.890,44133,,40056,17157,59.823,172,,,,60.301,225,,,190,59.923,113,,,,60.196,314,,,,60.209,180,,,,59.952,16,,8,,59.902,31,,6,5,59.838,19,,7,8,59.964,6,,,6
Hexatriacontane (n-C36),60.290,64522,,99686,,60.348,263224,,446513,,60.318,284178,,413125,,60.320,285582,,441248,,60.334,552879,,863769,,60.325,534052,,861879,,60.270,15404,,26104,,60.281,19983,,34491,,60.289,14162,,46294,,60.286,46611,,76468,
Dioctadecyl amine (?),60.598,25,,,,60.545,646236,,47993,,60.532,194229,,14652,,60.544,185951,,14732,,60.538,28403,,2738,,60.535,29152,,2205,,60.511,14362,,,,60.491,10991,,315,,60.516,10509,,903,,60.493,2135,,89,
Methyl dioctadecyl amine (?),62.822,2190,,87,,62.884,28643581,,981023,,62.853,11409749,,153629,,62.862,10814147,,342233,,62.852,3471909,,107184,,62.866,3297965,,99759,,62.822,1211330,,40984,,62.819,531509,,18892,,62.813,529966,,10265,,62.828,180412,,7343,
Acenaphthene-D10,24.869,336134,,435073,,24.877,1599929,,2107846,,24.880,1183833,,1541171,,24.879,1317327,,1725483,,24.880,1426051,,1856410,,24.880,1402915,,1845469,,24.880,99355,,129077,,24.877,93037,,122213,,24.878,106868,,142391,,24.878,116198,,153771,
Phenanthrene-D10,32.220,623281,,67539,,32.216,3777922,,397805,,32.214,2775713,,294898,,32.219,3010937,,321140,,32.217,3285041,,348959,,32.220,3286082,,346965,,32.217,235889,,27330,,32.217,217094,,25661,,32.218,241964,,28910,,32.222,273974,,32536,
Benz(a)anthracene-D12,45.233,691324,,166665,,45.251,4144277,,1010449,,45.254,3024235,,723742,,45.253,3265588,,781052,,45.250,3542092,,855456,,45.252,3554217,,858922,,45.237,239284,,59679,,45.238,223039,,55128,,45.235,250317,,61214,,45.239,285636,,68176,
Perylene-D12,52.007,386629,,91378,,52.035,1947273,,457411,,52.019,1442751,,331990,,52.020,1545406,,354740,,52.052,1694480,,392581,,52.056,1675972,,388244,,52.012,112692,,28121,,52.012,106548,,26635,,52.013,117832,,28397,,52.017,137549,,34072,
